UserId,UserName,Password,FirstName,LastName,Phone,Email
1,9%Yfpb,z1#o},zsogqtug,rawesek,1501542758,ts4tfg@gmail.com
2,Dtu_&2r4;,/kg_LE1,ntmuz,fakkzfw,5458684675,886oaf@gmail.com
3,#xUNyDVJ,44{Idd7%A,ffhajwu,xrzsryip,1570298571,tquydk@gmail.com
4,cfPniY&1:,jX4&}$9C7,ftxezrb,xwnvnhya,6043242652,v0f9pl4az@gmail.com
5,7O5tpRscJ,T73;3K,pszqus,wchbs,6523665542,flw416y@gmail.com
6,^Zo;i_LA,&m/:!P,kkqhnnxz,rnppzumeo,9227029581,ygftd@gmail.com
7,KzxaG,(ppR$4R5Q,unfziar,ihenrnkb,4533686868,f4bcds72@gmail.com
8,l6}cQc,4b;a3y,ovvjl,vshdezrin,7366102719,acw9p023q@gmail.com
9,shu/vg%,cj4txt,cxzusubqy,qtukh,4342379674,3ach35f0@gmail.com
10,$ouy*,H8w#a#D,rvtzwei,szpxpkio,5693843191,4r2kmxff@gmail.com
11,@1AwKG,iC;coR,awdhted,igkqzussj,5866976722,xzv42a6@gmail.com
12,gre9&,vhfo),nxnfmizwq,naaboy,4046546785,ojgcx3g@gmail.com
13,LkNO8,BN7f@B,niijcd,ehkzvuu,5264414557,n0qhexd@gmail.com
14,ImukArIh(,4ciS7evkY,doumbj,hrxsp,2073181623,46doz2@gmail.com
15,FI)sXQ#:O,:NW!sns,zrdytyg,kgzqeiie,4644612274,cvxgf3@gmail.com
16,G6uCUMZ,i#LR7,fqzzmhnqt,bcpgvatv,3566514622,5o50v6f@gmail.com
17,qd5L9I,}g1w(Cf,zcozbnjs,jcamkx,3074665154,rgmw8pa@gmail.com
18,${XTwb,1s4#v,ggrbxkewg,rwcxakndl,1677170703,3vdqv4k@gmail.com
19,;M#X&40,on)mP,zwymbvten,hdwcswvgj,3943328658,diwuv13n@gmail.com
20,/7zDd/AB,K7s0Yal,hicwkmy,bwyclxyf,7393195075,shrlsjx2@gmail.com
21,46&T{T,yGX4/LII,ixezwdbzc,oimsgdd,8736187294,h23r4w7o@gmail.com
22,:HC&As#,S:*Fl,pcilsda,kjojl,5091004249,qrf4zz@gmail.com
23,gglu1,t5$20uDi,udigipuu,emoxghx,7401426700,c4j648@gmail.com
24,bkQ8^W(z,)JrB$obGI,yyvzald,oejoaytl,5135515472,1ktwn@gmail.com
25,7;1M1/,)!9;eFg$,magtxjr,equyvsj,8624495345,xrvf22jye@gmail.com
26,2Qg}s,uT$_dKXD$,lxrwd,sutsyylms,9264669983,ypngv0e@gmail.com
27,E!_4;,WUEp8J43Z,jdosjeli,uymgehyfm,7853138461,4v329z@gmail.com
28,BCdUF,8AdJVNr?K,jxmsnu,zumiinyhw,7814029825,tszesq@gmail.com
29,C$3Mt?m*#,JGl@4Ciaq,fervvfec,aqgbulbx,2963918353,r8xga@gmail.com
30,{cdm6,BtAnXD,ypfrdizr,temvox,4088813131,4f00t4ja@gmail.com
